TEGNum,Round,Hole,Par,SI
19,1,1,5,16
19,1,2,3,18
19,1,3,4,12
19,1,4,4,8
19,1,5,3,10
19,1,6,5,6
19,1,7,4,2
19,1,8,4,14
19,1,9,4,4
19,1,10,4,1
19,1,11,5,7
19,1,12,4,17
19,1,13,3,9
19,1,14,4,11
19,1,15,4,13
19,1,16,5,5
19,1,17,3,15
19,1,18,4,3
19,2,1,4,10
19,2,2,5,6
19,2,3,4,2
19,2,4,4,14
19,2,5,3,16
19,2,6,5,4
19,2,7,3,8
19,2,8,5,12
19,2,9,3,18
19,2,10,4,5
19,2,11,3,11
19,2,12,4,7
19,2,13,4,9
19,2,14,3,17
19,2,15,4,1
19,2,16,5,13
19,2,17,4,3
19,2,18,5,15
19,3,1,4,10
19,3,2,5,6
19,3,3,4,2
19,3,4,4,14
19,3,5,3,16
19,3,6,5,4
19,3,7,3,8
19,3,8,5,12
19,3,9,3,18
19,3,10,4,5
19,3,11,3,11
19,3,12,4,7
19,3,13,4,9
19,3,14,3,17
19,3,15,4,1
19,3,16,5,13
19,3,17,4,3
19,3,18,5,15
